ID,name,type,count,coordinate,length,direction,half_life
ATP,ATP,Metabolite,1000,,,,
ALA,ALA,Metabolite,500,,,,
ARG,ARG,Metabolite,501,,,,
ASN,ASN,Metabolite,502,,,,
ASP,ASP,Metabolite,503,,,,
CYS,CYS,Metabolite,504,,,,
GLN,GLN,Metabolite,505,,,,
GLU,GLU,Metabolite,506,,,,
GLY,GLY,Metabolite,507,,,,
HIS,HIS,Metabolite,508,,,,
ILE,ILE,Metabolite,509,,,,
LEU,LEU,Metabolite,510,,,,
LYS,LYS,Metabolite,511,,,,
MET,MET,Metabolite,512,,,,
PHE,PHE,Metabolite,513,,,,
PRO,PRO,Metabolite,514,,,,
SER,SER,Metabolite,515,,,,
THR,THR,Metabolite,516,,,,
TRP,TRP,Metabolite,517,,,,
TYR,TYR,Metabolite,518,,,,
VAL,VAL,Metabolite,519,,,,
FMET,FMET,Metabolite,520,,,,
GTP,GTP,Metabolite,521,,,,
GDP,GDP,Metabolite,522,,,,
PI,PI,Metabolite,523,,,,
H2O,H2O,Metabolite,524,,,,
H,H,Metabolite,525,,,,
CTP,CTP,Metabolite,526,,,,
GTP,GTP,Metabolite,527,,,,
UTP,UTP,Metabolite,528,,,,
AMP,AMP,Metabolite,529,,,,
CMP,CMP,Metabolite,530,,,,
GMP,GMP,Metabolite,531,,,,
UMP,UMP,Metabolite,532,,,,
ADP,ADP,Metabolite,533,,,,
MG_013,methylenetetrahydrofolate dehydrogenase/methylenetetrahydrofolate cyclohydrolase,Gene,0.242995,14395,822,rev,
MG_022,"DNA-directed RNA polymerase, delta subunit",Gene,5.89708,26036,438,for,
MG_022_MONOMER,"DNA-directed RNA polymerase, delta subunit",Protein,,,,,1200
